Workbook

Sheet airport
A1: Airport Code | B1: City | C1: State | D1: Jet Fuel pricekWh | E1: Electricity pricekWh
A2: BHM | B2: Birmingham | C2: AL | D2: =_xlfn.XLOOKUP(C2, JetFuel!$B$2:$B$52, JetFuel!$E$2:$E$52) -> 0.070904269 | E2: =_xlfn.XLOOKUP(C2, Electricity!B$2:B$52, Electricity!D$2:D$52) -> 0.1357
A3: HSV | B3: Huntsville | C3: AL | D3: =_xlfn.XLOOKUP(C3, JetFuel!$B$2:$B$52, JetFuel!$E$2:$E$52) -> 0.070904269 | E3: =_xlfn.XLOOKUP(C3, Electricity!B$2:B$52, Electricity!D$2:D$52) -> 0.1357
A4: MOB | B4: Mobile | C4: AL | D4: =_xlfn.XLOOKUP(C4, JetFuel!$B$2:$B$52, JetFuel!$E$2:$E$52) -> 0.070904269 | E4: =_xlfn.XLOOKUP(C4, Electricity!B$2:B$52, Electricity!D$2:D$52) -> 0.1357
A5: LIT | B5: Little Rock | C5: AR | D5: =_xlfn.XLOOKUP(C5, JetFuel!$B$2:$B$52, JetFuel!$E$2:$E$52) -> 0.070801905 | E5: =_xlfn.XLOOKUP(C5, Electricity!B$2:B$52, Electricity!D$2:D$52) -> 0.1022
A6: XNA | B6: Fayetteville | C6: AR | D6: =_xlfn.XLOOKUP(C6, JetFuel!$B$2:$B$52, JetFuel!$E$2:$E$52) -> 0.070801905 | E6: =_xlfn.XLOOKUP(C6, Electricity!B$2:B$52, Electricity!D$2:D$52) -> 0.1022
A7: TUS | B7: Tucson | C7: AZ | D7: =_xlfn.XLOOKUP(C7, JetFuel!$B$2:$B$52, JetFuel!$E$2:$E$52) -> 0.07117724 | E7: =_xlfn.XLOOKUP(C7, Electricity!B$2:B$52, Electricity!D$2:D$52) -> 0.1236
A8: PSP | B8: Palm Springs | C8: CA | D8: =_xlfn.XLOOKUP(C8, JetFuel!$B$2:$B$52, JetFuel!$E$2:$E$52) -> 0.071279605 | E8: =_xlfn.XLOOKUP(C8, Electricity!B$2:B$52, Electricity!D$2:D$52) -> 0.2529
A9: COS | B9: Colorado Springs | C9: CO | D9: =_xlfn.XLOOKUP(C9, JetFuel!$B$2:$B$52, JetFuel!$E$2:$E$52) -> 0.073224524 | E9: =_xlfn.XLOOKUP(C9, Electricity!B$2:B$52, Electricity!D$2:D$52) -> 0.1184
A10: MTJ | B10: Montrose/Delta | C10: CO | D10: =_xlfn.XLOOKUP(C10, JetFuel!$B$2:$B$52, JetFuel!$E$2:$E$52) -> 0.073224524 | E10: =_xlfn.XLOOKUP(C10, Electricity!B$2:B$52, Electricity!D$2:D$52) -> 0.1184
A11: BDL | B11: Hartford | C11: CT | D11: =_xlfn.XLOOKUP(C11, JetFuel!$B$2:$B$52, JetFuel!$E$2:$E$52) -> 0.073941074 | E11: =_xlfn.XLOOKUP(C11, Electricity!B$2:B$52, Electricity!D$2:D$52) -> 0.2135
A12: DCA | B12: Washington | C12: DC | D12: =_xlfn.XLOOKUP(C12, JetFuel!$B$2:$B$52, JetFuel!$E$2:$E$52) -> 0.073224524 | E12: =_xlfn.XLOOKUP(C12, Electricity!B$2:B$52, Electricity!D$2:D$52) -> 0.1702
A13: IAD | B13: Washington | C13: DC | D13: =_xlfn.XLOOKUP(C13, JetFuel!$B$2:$B$52, JetFuel!$E$2:$E$52) -> 0.073224524 | E13: =_xlfn.XLOOKUP(C13, Electricity!B$2:B$52, Electricity!D$2:D$52) -> 0.1702
... A65: MKE | B65: Milwaukee | C65: WI | D65: =_xlfn.XLOOKUP(C65, JetFuel!$B$2:$B$52, JetFuel!$E$2:$E$52) -> 0.073702224 | E65: =_xlfn.XLOOKUP(C65, Electricity!B$2:B$52, Electricity!D$2:D$52) -> 0.1265

Sheet JetFuel
A1: State / D.C. | B1: Abbreviation | C1: Jet Fuel per $MMBtu | D1: per btu | E1: $ per kWh
A2: Alabama | B2: AL | C2: 20.78 | D2: =C2/10^6 -> 2.078e-05 | E2: =D2*3412.14 -> 0.070904269
A3: Alaska | B3: AK | C3: 21.32 | D3: =C3/10^6 -> 2.132e-05 | E3: =D3*3412.14 -> 0.072746825
A4: Arizona | B4: AZ | C4: 20.86 | D4: =C4/10^6 -> 2.086e-05 | E4: =D4*3412.14 -> 0.07117724
A5: Arkansas | B5: AR | C5: 20.75 | D5: =C5/10^6 -> 2.075e-05 | E5: =D5*3412.14 -> 0.070801905
A6: California | B6: CA | C6: 20.89 | D6: =C6/10^6 -> 2.089e-05 | E6: =D6*3412.14 -> 0.071279605
A7: Colorado | B7: CO | C7: 21.46 | D7: =C7/10^6 -> 2.146e-05 | E7: =D7*3412.14 -> 0.073224524
A8: Connecticut | B8: CT | C8: 21.67 | D8: =C8/10^6 -> 2.167e-05 | E8: =D8*3412.14 -> 0.073941074
A9: Delaware | B9: DE | C9: 21.46 | D9: =C9/10^6 -> 2.146e-05 | E9: =D9*3412.14 -> 0.073224524
A10: District of Columbia | B10: DC | C10: 21.46 | D10: =C10/10^6 -> 2.146e-05 | E10: =D10*3412.14 -> 0.073224524
A11: Florida | B11: FL | C11: 20.19 | D11: =C11/10^6 -> 2.019e-05 | E11: =D11*3412.14 -> 0.068891107
A12: Georgia | B12: GA | C12: 20.28 | D12: =C12/10^6 -> 2.028e-05 | E12: =D12*3412.14 -> 0.069198199
A13: Hawaii | B13: HI | C13: 20.5 | D13: =C13/10^6 -> 2.05e-05 | E13: =D13*3412.14 -> 0.06994887
... A52: Wyoming | B52: WY | C52: 21.59 | D52: =C52/10^6 -> 2.159e-05 | E52: =D52*3412.14 -> 0.073668103

Sheet Electricity
A1: State / D.C. | B1: Abbreviation | C1: Electricty Cents per kWh | D1: $ per kWh
A2: Alabama | B2: AL | C2: 13.57 | D2: =C2/100 -> 0.1357
A3: Alaska | B3: AK | C3: 21.44 | D3: =C3/100 -> 0.2144
A4: Arizona | B4: AZ | C4: 12.36 | D4: =C4/100 -> 0.1236
A5: Arkansas | B5: AR | C5: 10.22 | D5: =C5/100 -> 0.1022
A6: California | B6: CA | C6: 25.29 | D6: =C6/100 -> 0.2529
A7: Colorado | B7: CO | C7: 11.84 | D7: =C7/100 -> 0.1184
A8: Connecticut | B8: CT | C8: 21.35 | D8: =C8/100 -> 0.2135
A9: Delaware | B9: DE | C9: 12.11 | D9: =C9/100 -> 0.1211
A10: District Of Columbia | B10: DC | C10: 17.02 | D10: =C10/100 -> 0.1702
A11: Florida | B11: FL | C11: 11.1 | D11: =C11/100 -> 0.111
A12: Georgia | B12: GA | C12: 11.09 | D12: =C12/100 -> 0.1109
A13: Hawaii | B13: HI | C13: 38.84 | D13: =C13/100 -> 0.3884
... A52: Wyoming | B52: WY | C52: 9.29 | D52: =C52/100 -> 0.0929
